<?xml version="1.0" encoding="UTF-8"?>
  <SupportAssistPrebootDiagnosticLog>
    <Schema>1.0.0</Schema>
    <LogNumber>19</LogNumber>
    <LogTimeStamp>08/04/2021 23:06:00</LogTimeStamp>
    <ePSA_Data>
      <Result>Warning</Result>
      <ReturnCode>BOOT_HOST_OS</ReturnCode>
      <LogData>
        <ePSALogTimeStamp>08/04/2021 23:06:00</ePSALogTimeStamp>
        <ePSAVersion>4400.04</ePSAVersion>
        <ErrorCode>2000:0000</ErrorCode>
        <ValidationCode>67617</ValidationCode>
        <ErrorMessage><![CDATA[No bootable devices found.

]]></ErrorMessage>
      </LogData>
      <MemRxHealed>FALSE</MemRxHealed>
      <ePSAInfo><![CDATA[serviceTag=7Y1MBV2&errCode=0000&ValCode=67617&uID=0DB8B]]></ePSAInfo>
      <ePSAFullVersion>4400.04</ePSAFullVersion>
      <ePSAInvocationCount>6</ePSAInvocationCount>
    </ePSA_Data>
    <BIOS_Data>
      <ErrorCategory>NO_BOOT</ErrorCategory>
      <Flags>BIOSCONNECT_ENABLED</Flags>
      <SOS_Available>FALSE</SOS_Available>
      <TimeOutSeconds>0</TimeOutSeconds>
    </BIOS_Data>
  </SupportAssistPrebootDiagnosticLog>
